id,question,options,correctAnswer
1,"What is SAP EWM and how does it differ from SAP WM?","['SAP EWM is an older version of SAP WM with limited functionality', 'SAP EWM is a more advanced warehouse management system with enhanced features and real-time processing capabilities', 'SAP EWM and SAP WM are identical systems with different names', 'SAP EWM is only for small warehouses while SAP WM is for large warehouses']",1
2,"What are the key features of SAP EWM?","['Basic inventory tracking and simple picking', 'Advanced warehouse management, labor management, yard management, and value-added services', 'Only inbound and outbound processing', 'Basic storage bin management']",1 
3,"Explain the different warehouse structures in SAP EWM.","['Only storage bins and sections', 'Warehouse number, storage type, storage section, and storage bin', 'Just warehouse number and storage bin', 'Storage type and storage bin only']",1
4,"What is a warehouse process type in SAP EWM?","['A type of storage bin', 'A predefined sequence of steps for warehouse operations like putaway, picking, or counting', 'A type of warehouse worker', 'A type of material']",1
5,"How does SAP EWM handle inbound and outbound processes?","['Only through manual processes', 'Through automated processes including goods receipt, putaway, picking, and goods issue', 'Only through basic inventory management', 'Through simple stock movements']",1
6,"What is slotting and why is it important in SAP EWM?","['A type of storage bin', 'The process of determining optimal storage locations based on product characteristics and demand patterns', 'A type of picking strategy', 'A type of warehouse layout']",1
7,"What is a warehouse task in SAP EWM?","['A type of storage bin', 'A unit of work that needs to be performed in the warehouse, such as putaway or picking', 'A type of warehouse worker', 'A type of material movement']",1
8,"What are the different types of physical inventory in SAP EWM?","['Only cycle counting', 'Cycle counting, continuous inventory, and annual inventory', 'Only annual inventory', 'Only continuous inventory']",1
9,"How does SAP EWM integrate with SAP ERP?","['Through manual data entry', 'Through real-time integration using middleware or direct integration', 'Through batch processing only', 'Through file transfers']",1
10,"What is a handling unit in SAP EWM?","['A type of storage bin', 'A physical unit consisting of packaging materials and the materials contained in them', 'A type of warehouse worker', 'A type of material movement']",1
11,"What is wave management in SAP EWM?","['A type of storage bin', 'The process of grouping warehouse tasks for efficient execution', 'A type of picking strategy', 'A type of warehouse layout']",1
12,"What are the different warehouse order creation rules (WOCR) in SAP EWM?","['Only fixed rules', 'Fixed rules, dynamic rules, and manual rules', 'Only dynamic rules', 'Only manual rules']",1
13,"What are the key benefits of Labor Management in SAP EWM?","['Only time tracking', 'Labor tracking, performance measurement, and productivity optimization', 'Only performance measurement', 'Only productivity optimization']",1
14,"How does SAP EWM support RF (Radio Frequency) transactions?","['Through manual data entry', 'Through real-time data capture and processing using RF devices', 'Through batch processing only', 'Through file transfers']",1
15,"What are the different types of storage control in SAP EWM?","['Only fixed bin storage', 'Fixed bin storage, dynamic storage, and process-oriented storage', 'Only dynamic storage', 'Only process-oriented storage']",1
16,"What are the key master data elements in SAP EWM?","['Only product master', 'Product master, storage bin master, packaging material master, and resource master', 'Only storage bin master', 'Only packaging material master']",1
17,"How does slotting and rearrangement work in SAP EWM?","['Through manual processes only', 'Through automated processes based on product characteristics and demand patterns', 'Through batch processing only', 'Through file transfers']",1
18,"Explain the concept of queuing in SAP EWM.","['A type of storage bin', 'A mechanism to manage and prioritize warehouse tasks', 'A type of picking strategy', 'A type of warehouse layout']",1
19,"What are the main warehouse monitor functions in SAP EWM?","['Only basic monitoring', 'Task monitoring, resource monitoring, and exception monitoring', 'Only resource monitoring', 'Only exception monitoring']",1
20,"What is the difference between process-oriented and layout-oriented storage control?","['Process-oriented is for small warehouses, layout-oriented is for large warehouses', 'Process-oriented focuses on workflow, layout-oriented focuses on physical structure', 'They are identical concepts', 'Process-oriented is manual, layout-oriented is automated']",1
21,"What are the benefits of using TU (Transportation Units) in SAP EWM?","['Only basic tracking', 'Improved tracking, better load optimization, and enhanced transportation planning', 'Only load optimization', 'Only transportation planning']",1
22,"What is a work center in SAP EWM?","['A type of storage bin', 'A physical or logical area where warehouse tasks are performed', 'A type of warehouse worker', 'A type of material movement']",1
23,"Explain the deconsolidation process in SAP EWM.","['A type of storage bin', 'The process of breaking down larger handling units into smaller ones', 'A type of picking strategy', 'A type of warehouse layout']",1
24,"How does SAP EWM handle batch management?","['Only through manual tracking', 'Through batch determination, batch characteristics, and batch-specific storage', 'Only through basic inventory management', 'Through simple stock movements']",1
25,"What is cross-docking in SAP EWM?","['A type of storage bin', 'A process where goods are received and immediately shipped without being put into storage', 'A type of picking strategy', 'A type of warehouse layout']",1
26,"What are the different types of exception handling in SAP EWM?","['Only basic error messages', 'System exceptions, business exceptions, and process exceptions', 'Only system exceptions', 'Only business exceptions']",1
27,"Explain the resource management feature in SAP EWM.","['Only basic resource tracking', 'Resource planning, allocation, and performance monitoring', 'Only resource allocation', 'Only performance monitoring']",1
28,"How is labor utilization calculated in SAP EWM?","['Only through time tracking', 'Through time tracking, task completion rates, and performance metrics', 'Only through task completion rates', 'Only through performance metrics']",1
29,"What is the purpose of direct putaway strategies?","['To store items temporarily', 'To move goods directly from goods receipt to their final storage location', 'To create intermediate storage', 'To delay putaway processes']",1
30,"What is a queue in SAP EWM and how is it used?","['A type of storage bin', 'A mechanism to manage and prioritize warehouse tasks based on specific criteria', 'A type of picking strategy', 'A type of warehouse layout']",1
31,"Explain the concept of warehouse order assignment in SAP EWM.","['Only manual assignment', 'The process of assigning warehouse tasks to resources based on rules and priorities', 'Only automatic assignment', 'Only priority-based assignment']",1
32,"What is a storage bin and why is it important?","['A type of warehouse worker', 'The smallest unit of space in a warehouse where goods can be stored', 'A type of material movement', 'A type of warehouse process']",1
33,"How does SAP EWM manage HU-based putaway?","['Only through manual processes', 'Through automated processes considering HU characteristics and storage rules', 'Only through basic inventory management', 'Through simple stock movements']",1
34,"What is the difference between system-driven and manual picking?","['System-driven is slower than manual picking', 'System-driven uses automated rules while manual picking relies on user decisions', 'They are identical processes', 'System-driven is only for small warehouses']",1
35,"How do pick-pack and pick-parcel work in SAP EWM?","['Only through manual processes', 'Through automated processes for picking, packing, and shipping individual items', 'Only through basic inventory management', 'Through simple stock movements']",1
36,"Explain how wave templates are used in SAP EWM.","['Only for basic wave creation', 'As predefined rules for creating and managing waves based on specific criteria', 'Only for manual wave creation', 'Only for automatic wave creation']",1
37,"What is the purpose of the RF framework in SAP EWM?","['Only for basic data entry', 'To provide a standardized interface for RF transactions and device management', 'Only for device management', 'Only for transaction processing']",1
38,"What is SAP EWM's role in supply chain execution?","['Only basic inventory management', 'Managing warehouse operations, inventory, and logistics processes', 'Only logistics processes', 'Only warehouse operations']",1
39,"How does SAP EWM track stock movements?","['Only through manual records', 'Through real-time tracking of all stock movements and updates', 'Only through periodic updates', 'Only through batch processing']",1
40,"What is a storage section indicator in SAP EWM?","['A type of storage bin', 'A parameter that defines how storage sections are used in putaway and picking', 'A type of picking strategy', 'A type of warehouse layout']",1
41,"What is the purpose of the warehouse activity area in SAP EWM?","['A type of storage bin', 'A logical grouping of warehouse activities for better organization and control', 'A type of picking strategy', 'A type of warehouse layout']",1
42,"How does SAP EWM handle hazardous materials?","['Only through basic tracking', 'Through special handling, storage, and documentation requirements', 'Only through storage requirements', 'Only through documentation']",1
43,"What is the difference between fixed bin and dynamic bin storage?","['Fixed bin is for small items, dynamic bin is for large items', 'Fixed bin assigns specific locations to products, dynamic bin allows flexible storage', 'They are identical concepts', 'Fixed bin is manual, dynamic bin is automated']",1
44,"What is a warehouse process type (WPT) in SAP EWM?","['A type of storage bin', 'A predefined sequence of steps for specific warehouse operations', 'A type of warehouse worker', 'A type of material movement']",1
45,"How does SAP EWM support value-added services?","['Only through basic services', 'Through kitting, assembly, labeling, and other value-added processes', 'Only through kitting', 'Only through assembly']",1
46,"What is the purpose of the warehouse control unit in SAP EWM?","['A type of storage bin', 'A logical unit that controls warehouse operations and processes', 'A type of picking strategy', 'A type of warehouse layout']",1
47,"How does SAP EWM handle quality inspection processes?","['Only through manual inspection', 'Through automated quality inspection workflows and sampling procedures', 'Only through sampling', 'Only through basic checks']",1
48,"What is the difference between a warehouse task and a warehouse order?","['They are identical concepts', 'A warehouse task is a single operation, while a warehouse order groups multiple tasks', 'A warehouse order is for inbound, a warehouse task is for outbound', 'A warehouse task is manual, a warehouse order is automated']",1
49,"How does SAP EWM support yard management?","['Only through basic tracking', 'Through dock door scheduling, trailer management, and yard optimization', 'Only through dock door scheduling', 'Only through trailer management']",1
50,"What is the purpose of the warehouse monitor in SAP EWM?","['Only for basic monitoring', 'To provide real-time visibility into warehouse operations and performance', 'Only for performance monitoring', 'Only for operation tracking']",1
51,"How does SAP EWM handle serial number management?","['Only through manual tracking', 'Through tracking individual serial numbers throughout the warehouse process', 'Only through basic inventory management', 'Through simple stock movements']",1
52,"What is the purpose of the warehouse process type determination?","['Only for basic process selection', 'To automatically determine the appropriate process type based on business rules', 'Only for manual process selection', 'Only for automatic process selection']",1
53,"How does SAP EWM support cross-docking with value-added services?","['Only through basic cross-docking', 'Through combining cross-docking with value-added services like labeling or kitting', 'Only through value-added services', 'Only through basic services']",1
54,"How does SAP EWM handle slotting optimization?","['Only through manual processes', 'Through automated slotting based on product characteristics, demand patterns, and storage requirements', 'Only through basic inventory management', 'Through simple stock movements']",1
55,"How does SAP EWM handle returns processing?","['Only through manual processing', 'Through automated returns processing including inspection and disposition', 'Only through basic inspection', 'Only through simple disposition']",1
56,"What is the purpose of the warehouse process type determination?","['Only for basic process selection', 'To automatically determine the appropriate process type based on business rules', 'Only for manual process selection', 'Only for automatic process selection']",1
57,"How does SAP EWM support multi-client warehouse operations?","['Only through basic separation', 'Through client-specific configurations and data separation', 'Only through data separation', 'Only through basic configurations']",1
58,"How does SAP EWM support voice picking?","['Only through basic voice commands', 'Through voice-directed picking with real-time feedback and confirmation', 'Only through manual voice input', 'Only through basic confirmation']",1
59,"How does SAP EWM handle seasonal demand fluctuations?","['Only through basic adjustments', 'Through flexible resource allocation and capacity planning', 'Only through resource allocation', 'Only through capacity planning']",1
60,"What is the purpose of the warehouse process type determination?","['Only for basic process selection', 'To automatically determine the appropriate process type based on business rules', 'Only for manual process selection', 'Only for automatic process selection']",1
61,"How does SAP EWM handle temperature-controlled storage?","['Only through basic temperature monitoring', 'Through temperature zone management, monitoring, and alerts', 'Only through zone management', 'Only through basic alerts']",1
62,"What is the purpose of the warehouse process type determination?","['Only for basic process selection', 'To automatically determine the appropriate process type based on business rules', 'Only for manual process selection', 'Only for automatic process selection']",1
63,"How does SAP EWM support mobile data entry?","['Only through basic mobile forms', 'Through mobile applications with real-time data capture and validation', 'Only through data capture', 'Only through basic validation']",1
64,"What is the purpose of the warehouse process type determination?","['Only for basic process selection', 'To automatically determine the appropriate process type based on business rules', 'Only for manual process selection', 'Only for automatic process selection']",1
65,"How does SAP EWM handle cross-docking with value-added services?","['Only through basic cross-docking', 'Through combining cross-docking with value-added services like labeling or kitting', 'Only through value-added services', 'Only through basic services']",1
66,"What is the purpose of the warehouse process type determination?","['Only for basic process selection', 'To automatically determine the appropriate process type based on business rules', 'Only for manual process selection', 'Only for automatic process selection']",1
67,"How does SAP EWM handle returns processing?","['Only through manual processing', 'Through automated returns processing including inspection and disposition', 'Only through basic inspection', 'Only through simple disposition']",1
68,"What is the purpose of the warehouse process type determination?","['Only for basic process selection', 'To automatically determine the appropriate process type based on business rules', 'Only for manual process selection', 'Only for automatic process selection']",1
69,"How does SAP EWM support multi-client warehouse operations?","['Only through basic separation', 'Through client-specific configurations and data separation', 'Only through data separation', 'Only through basic configurations']",1
70,"What is the purpose of the warehouse process type determination?","['Only for basic process selection', 'To automatically determine the appropriate process type based on business rules', 'Only for manual process selection', 'Only for automatic process selection']",1
71,"How does SAP EWM handle seasonal demand fluctuations?","['Only through basic adjustments', 'Through flexible resource allocation and capacity planning', 'Only through resource allocation', 'Only through capacity planning']",1
72,"What is the purpose of the warehouse process type determination?","['Only for basic process selection', 'To automatically determine the appropriate process type based on business rules', 'Only for manual process selection', 'Only for automatic process selection']",1
73,"How does SAP EWM handle slotting optimization?","['Only through manual processes', 'Through automated slotting based on product characteristics, demand patterns, and storage requirements', 'Only through basic inventory management', 'Through simple stock movements']",1
74,"What is the purpose of the warehouse process type determination?","['Only for basic process selection', 'To automatically determine the appropriate process type based on business rules', 'Only for manual process selection', 'Only for automatic process selection']",1
75,"How does SAP EWM support voice picking?","['Only through basic voice commands', 'Through voice-directed picking with real-time feedback and confirmation', 'Only through manual voice input', 'Only through basic confirmation']",1
76,"What is the purpose of the warehouse process type determination?","['Only for basic process selection', 'To automatically determine the appropriate process type based on business rules', 'Only for manual process selection', 'Only for automatic process selection']",1
77,"How does SAP EWM handle temperature-controlled storage?","['Only through basic temperature monitoring', 'Through temperature zone management, monitoring, and alerts', 'Only through zone management', 'Only through basic alerts']",1
78,"What is the purpose of the warehouse process type determination?","['Only for basic process selection', 'To automatically determine the appropriate process type based on business rules', 'Only for manual process selection', 'Only for automatic process selection']",1
79,"How does SAP EWM support mobile data entry?","['Only through basic mobile forms', 'Through mobile applications with real-time data capture and validation', 'Only through data capture', 'Only through basic validation']",1
80,"What is the purpose of the warehouse process type determination?","['Only for basic process selection', 'To automatically determine the appropriate process type based on business rules', 'Only for manual process selection', 'Only for automatic process selection']",1
81,"What is the purpose of a Resource Group in SAP EWM?","['A type of storage bin', 'A logical collection of similar resources for planning and management', 'A type of picking strategy', 'A type of warehouse layout']",1
82,"How does SAP EWM handle lot management in warehouse operations?","['Only through manual tracking', 'Through automated lot tracking, segregation, and FEFO/FIFO management', 'Only through basic inventory management', 'Through simple stock movements']",1
83,"What are the different picking strategies available in SAP EWM?","['Only single-order picking', 'Single-order picking, multi-order picking, wave picking, and cluster picking', 'Only wave picking', 'Only cluster picking']",1
84,"How does SAP EWM support put-to-light picking?","['Only through manual light systems', 'Through integration with light-directed picking systems to improve accuracy and speed', 'Only through basic light indicators', 'Only through simple light signals']",1
85,"What is a warehouse door in SAP EWM and how is it used?","['A physical door only', 'A logical entity representing physical doors for planning and execution of loading/unloading', 'A type of storage bin', 'A type of warehouse worker']",1
86,"How does SAP EWM handle exception management?","['Only through manual intervention', 'Through automated exception detection, alerting, and resolution workflows', 'Only through basic alerts', 'Only through simple notifications']",1
87,"What is the difference between a storage bin and a staging area in SAP EWM?","['They are identical concepts', 'Storage bins are for long-term storage, staging areas are temporary locations for inbound/outbound goods', 'Storage bins are small, staging areas are large', 'Storage bins are automated, staging areas are manual']",1
88,"How does SAP EWM support warehouse automation technologies?","['Only through basic interfaces', 'Through integration with AS/RS, conveyors, AGVs, and other automation systems', 'Only through AS/RS integration', 'Only through conveyor integration']",1
89,"What is the purpose of the material flow system (MFS) in SAP EWM?","['Only for basic material tracking', 'To control and monitor automated materials handling equipment and systems', 'Only for equipment control', 'Only for system monitoring']",1
90,"How does SAP EWM handle value-added services like kitting?","['Only through manual processes', 'Through integrated kitting processes with bill of materials and assembly instructions', 'Only through basic assembly', 'Only through simple packaging']",1
91,"What is a work center in SAP EWM and how is it used?","['A type of storage bin', 'A physical or logical location where specific warehouse activities are performed', 'A type of warehouse worker', 'A type of material movement']",1
92,"How does SAP EWM support labor planning and forecasting?","['Only through basic scheduling', 'Through advanced labor forecasting based on historical data and planned workload', 'Only through historical data analysis', 'Only through simple workload planning']",1
93,"What are activity areas in SAP EWM?","['The same as storage bins', 'Logical areas representing physical spaces where warehouse activities occur', 'The same as storage types', 'The same as warehouse doors']",1
94,"How does SAP EWM support yard management operations?","['Only through basic yard tracking', 'Through comprehensive yard management including transportation unit tracking, door scheduling, and yard movements', 'Only through transportation unit tracking', 'Only through door scheduling']",1
95,"What is the purpose of a resource in SAP EWM?","['The same as a warehouse worker', 'A person, machine, or tool that can be assigned to warehouse activities', 'Only automated equipment', 'Only warehouse personnel']",1
96,"How does SAP EWM handle stock-taking (physical inventory)?","['Only through annual counting', 'Through various methods including annual inventory, cycle counting, and continuous inventory', 'Only through cycle counting', 'Only through continuous inventory']",1
97,"What is the difference between a warehouse order and a warehouse task in SAP EWM?","['They are the same thing', 'A warehouse order is a higher-level document that can contain multiple warehouse tasks', 'Warehouse orders are for inbound, warehouse tasks are for outbound', 'Warehouse orders are manual, warehouse tasks are automated']",1
98,"How does SAP EWM support quality inspection processes?","['Only through manual inspection', 'Through integrated quality inspection processes with sampling, test instructions, and results management', 'Only through sampling procedures', 'Only through basic testing']",1
99,"What is a Transportation Unit (TU) in SAP EWM?","['A type of warehouse worker', 'A physical means of transport like a truck or container that can be tracked in the yard', 'A type of material movement', 'A type of storage bin']",1
100,"How does SAP EWM support returns processing?","['Only through manual processing', 'Through dedicated returns processes including inspection, disposition decision, and putaway or disposal', 'Only through basic inspection', 'Only through simple disposal']",1
101,"What is a resource in SAP EWM, and how is it used in warehouse operations?","['A resource is only a human worker in the warehouse', 'A resource represents any person, machine, or tool that performs warehouse activities and is assigned to tasks based on capabilities', 'A resource is only automated equipment', 'A resource is only used for inventory counting']",1
102,"How does SAP EWM handle product staging for production?","['Only through manual staging', 'Through automated staging processes based on production orders, staging areas, and just-in-time delivery', 'Only through basic inventory allocation', 'Only through simple stock movements']",1
103,"What are the different putaway strategies in SAP EWM?","['Only fixed bin strategy', 'Fixed bin, dynamic, storage unit type-specific, addition to existing stock, and process-oriented strategies', 'Only dynamic strategy', 'Only process-oriented strategy']",1
104,"How does SAP EWM manage returns processing?","['Only through manual handling', 'Through specialized returns processing including receipt, inspection, disposition decision, and putaway or disposal', 'Only through basic receipt', 'Only through simple disposal']",1
105,"What is a dynamic storage bin, and how is it used in SAP EWM?","['A bin that changes physical location', 'A storage location that can hold different products at different times based on space availability and optimization', 'A bin used only for hazardous materials', 'A bin that automatically changes size']",1
106,"How does SAP EWM handle inbound processing with deconsolidation?","['Only through manual breakdown', 'Through the systematic unpacking of large handling units into smaller units at deconsolidation points', 'Only through basic receiving', 'Only through simple storage']",1
107,"What is a stock removal control indicator?","['A physical label on inventory', 'A parameter that determines the sequence and strategy for removing stock from storage locations', 'A type of warehouse worker', 'A type of inventory report']",1
108,"How does SAP EWM determine warehouse orders for picking?","['Only manually', 'Through warehouse order creation rules based on outbound deliveries, wave management, and priority', 'Only through outbound deliveries', 'Only through wave management']",1
109,"What are the different types of stock in SAP EWM?","['Only unrestricted stock', 'Unrestricted stock, quality inspection stock, blocked stock, and returns stock', 'Only quality inspection stock', 'Only blocked stock']",1
110,"How does SAP EWM handle special stock types such as project stock or customer stock?","['It cannot handle special stock types', 'Through specialized stock attributes and segregation rules for different ownership and allocation types', 'Only through basic labeling', 'Only through manual tracking']",1
111,"What is a queue type in SAP EWM?","['A physical line of warehouse workers', 'A configuration that determines how warehouse tasks are organized, prioritized, and assigned to resources', 'A type of storage bin', 'A type of inventory count']",1
112,"How does SAP EWM integrate with quality inspection processes?","['Only through manual quality checks', 'Through inspection lot management, sampling, results recording, and quality-based stock status changes', 'Only through basic sampling', 'Only through simple pass/fail tests']",1
113,"What is an ad-hoc physical inventory in SAP EWM?","['Regular annual inventory count', 'An unplanned inventory count triggered by discrepancies or specific needs', 'A type of cycle counting', 'A perpetual inventory method']",1
114,"What is the function of storage behavior indicators?","['To monitor temperature in storage bins', 'To define rules for how materials are stored, such as mixed storage, addition to existing stock, or separate storage', 'To track bin utilization only', 'To measure bin capacity only']",1
115,"How does SAP EWM handle wave picking with multiple processing steps?","['Only through single-step picking', 'Through configurable wave templates that define sequences of picking and processing steps', 'Only through basic wave creation', 'Only through simple item selection']",1
116,"What is the purpose of a pick-point in warehouse processes?","['A physical location for workers to rest', 'A designated location for efficient picking where goods are brought for picking activities', 'A type of storage bin', 'A type of warehouse door']",1
117,"How does SAP EWM optimize warehouse operations using resource management?","['Only through basic scheduling', 'Through resource capacity planning, workload distribution, and performance monitoring', 'Only through worker assignments', 'Only through equipment tracking']",1
118,"What is the function of layout-oriented storage control?","['To determine warehouse physical design', 'To organize storage based on the physical layout of the warehouse for efficient material flow', 'To manage warehouse aesthetics', 'To control warehouse temperature']",1
119,"How does SAP EWM handle automatic replenishment?","['Only through manual triggers', 'Through configurable replenishment strategies based on min/max levels, demand forecasts, and pull principles', 'Only through scheduled replenishment', 'Only through basic inventory checks']",1
120,"How does SAP EWM manage replenishment triggers?","['Only through manual requests', 'Through various trigger types including time-based, min/max levels, demand-driven, and predictive triggers', 'Only through min/max levels', 'Only through time-based triggers']",1
121,"What is a warehouse process step in SAP EWM?","['A physical location in the warehouse', 'A defined activity within a warehouse process that represents a specific task or operation', 'A type of warehouse worker', 'A type of storage bin']",1
122,"How does SAP EWM define activity areas and their usage?","['Only as physical spaces', 'As logical groupings of warehouse activities that help organize work and resources', 'Only as worker rest areas', 'Only as administrative zones']",1
123,"What are the different bin access types in SAP EWM?","['Only manual access', 'Single, double, and multiple access types defining how bins can be accessed physically', 'Only automated access', 'Only restricted access']",1
124,"How does SAP EWM determine the source storage bin for picking?","['Always randomly', 'Based on configured strategies like FIFO, FEFO, stock consolidation, and distance optimization', 'Only based on FIFO', 'Only based on bin location']",1
125,"What is the purpose of staging area groups in SAP EWM?","['Only for employee gathering', 'To organize and manage staging areas based on their purpose, location, and characteristics', 'Only for inventory storage', 'Only for equipment parking']",1
126,"How does SAP EWM handle complex handling unit movements?","['Only through manual tracking', 'Through specialized processes for nested HUs, mixed HUs, and HU restructuring', 'Only through basic movement tracking', 'Only through simple location updates']",1
127,"What are the key integration points between SAP EWM and SAP TM?","['No integration exists', 'Transportation planning, yard management, shipping/receiving, and carrier integration', 'Only transportation planning', 'Only yard management']",1
128,"How does SAP EWM track batch expiration dates?","['It doesn't track expiration dates', 'Through batch master data, shelf-life management, and expiration-based picking strategies', 'Only through basic date fields', 'Only through manual tracking']",1
129,"What is the purpose of exception handling in warehouse execution?","['To terminate warehouse processes', 'To identify, resolve, and document issues that disrupt normal warehouse operations', 'Only to record errors', 'Only to notify supervisors']",1
130,"What are process-oriented handling unit movements in SAP EWM?","['Random movements of handling units', 'Movements that are executed according to predefined process flows and business rules', 'Only movements between bins', 'Only movements to shipping areas']",1
131,"How does SAP EWM integrate with external transportation carriers?","['No integration is possible', 'Through carrier determination, transportation documentation, appointment scheduling, and electronic data interchange', 'Only through basic shipment creation', 'Only through manual notifications']",1
132,"What is a resource group in SAP EWM, and why is it needed?","['A physical grouping of warehouse workers', 'A logical grouping of similar resources for planning, assignment, and monitoring of warehouse activities', 'A type of storage bin collection', 'A type of inventory classification']",1
133,"How does SAP EWM process value-added service (VAS) orders?","['It cannot process VAS orders', 'Through specialized VAS order types, work centers, and integration with warehouse processes', 'Only through basic service requests', 'Only through manual processing']",1
134,"What are the different methods of warehouse order creation?","['Only manual creation', 'Automatic creation from deliveries, manual creation, wave-based creation, and planned order-based creation', 'Only wave-based creation', 'Only delivery-based creation']",1
135,"How does SAP EWM handle direct outbound deliveries?","['It cannot handle direct outbound deliveries', 'Through special process flows that bypass standard putaway and create picking tasks directly from goods receipt', 'Only through standard picking processes', 'Only through manual allocation']",1
136,"What are the primary attributes of storage bins in SAP EWM?","['Only bin number and aisle', 'Storage type, bin number, capacity, dimensions, accessibility, and specific storage conditions', 'Only capacity and dimensions', 'Only storage conditions']",1
137,"How does SAP EWM determine stock removal sequences?","['Always randomly', 'Based on configured rules including FIFO, FEFO, LIFO, batch characteristics, and optimization criteria', 'Only based on FIFO', 'Only based on batch numbers']",1
138,"What is the role of wave sequencing in SAP EWM?","['To determine warehouse physical layout', 'To optimize the sequence of processing waves based on priority, resources, and shipping schedules', 'Only to schedule waves', 'Only to assign resources']",1
139,"How does SAP EWM determine the putaway control indicator?","['It is always manually assigned', 'Based on material attributes, storage type rules, and specific handling requirements', 'Only based on material weight', 'Only based on material dimensions']",1
140,"How does SAP EWM handle staging for outbound deliveries?","['Only through manual staging', 'Through configurable staging strategies based on shipping schedules, carrier requirements, and resource availability', 'Only through basic allocation', 'Only through simple bin assignments']",1
141,"What is a warehouse task priority and how is it determined?","['A random value assigned to tasks', 'A value that ranks tasks for execution based on business rules, delivery deadlines, and resource efficiency', 'Only based on creation time', 'Only based on material type']",1
142,"How does SAP EWM process customer returns differently from vendor returns?","['There is no difference in processing', 'Customer returns require additional quality inspection, customer reference tracking, and disposition decisions', 'Only through different documentation', 'Only through different storage locations']",1
143,"What are the key parameters for storage bin sorting in SAP EWM?","['Only bin number', 'Storage type, aisle, rack, level, and bin number, with customizable sorting sequences', 'Only aisle and rack', 'Only level and bin number']",1
144,"How does SAP EWM track labor performance for warehouse resources?","['It cannot track labor performance', 'Through time tracking, task completion rates, performance standards comparison, and productivity analytics', 'Only through basic time tracking', 'Only through simple task counting']",1
145,"How does SAP EWM integrate with Advanced Shipping Notification (ASN)?","['No integration with ASN', 'Through electronic receipt and processing of ASN data for inbound planning, appointment scheduling, and receiving', 'Only through basic data importing', 'Only through manual entry']",1
146,"What is the function of a warehouse control cycle in SAP EWM?","['To track employee shift timing', 'To organize and monitor the execution of warehouse activities in a structured, repeatable manner', 'Only to assign tasks', 'Only to schedule resources']",1
147,"How does SAP EWM handle transportation unit movements?","['It cannot track transportation units', 'Through yard management functionality including check-in, positioning, loading/unloading, and check-out', 'Only through basic location tracking', 'Only through simple status updates']",1
148,"How does SAP EWM optimize travel distances for picking?","['It does not optimize travel distances', 'Through route optimization, warehouse layout considerations, and intelligent task grouping', 'Only through basic route planning', 'Only through manual task sequencing']",1
149,"What is a deconsolidation station in SAP EWM?","['A type of storage bin', 'A physical location where large handling units are broken down into smaller units for further processing', 'A type of warehouse door', 'A type of inventory counting station']",1
150,"How does SAP EWM determine warehouse task priorities?","['Tasks are always processed in creation order', 'Through configurable priority rules based on business importance, deadlines, and resource efficiency', 'Only based on material type', 'Only based on customer importance']",1
151,"What are the benefits of using cross-docking in SAP EWM?","['Cross-docking has no benefits in SAP EWM', 'Reduced storage costs, faster throughput, decreased handling, and improved order fulfillment speed', 'Only space utilization', 'Only labor reduction']",1
152,"What are the primary statuses used in SAP EWM warehouse order tracking?","['Only created and completed', 'Created, released, partially processed, completed, and canceled statuses with detailed tracking', 'Only released and completed', 'Only in process and completed']",1
153,"What is the function of exception codes in RF transactions?","['To terminate RF sessions', 'To document specific reasons for deviations from standard processes during mobile transactions', 'Only to record errors', 'Only to signal hardware problems']",1
154,"How does SAP EWM handle wave bin sequencing?","['It does not support bin sequencing', 'Through configurable sequencing rules that optimize the order of bin visits during wave picking', 'Only through basic bin ordering', 'Only through manual sequencing']",1
155,"What is the purpose of product group determination in SAP EWM?","['Only for reporting purposes', 'To classify materials with similar handling requirements for optimized storage, picking, and processing', 'Only for inventory counting', 'Only for basic categorization']",1
156,"What are the different types of exception handling strategies?","['Only manual intervention', 'Automated resolution, workflow-based intervention, escalation procedures, and exception documentation', 'Only escalation procedures', 'Only exception documentation']",1
157,"How does SAP EWM determine putaway control parameters?","['Parameters are always fixed', 'Based on material attributes, handling unit characteristics, and storage strategy configuration', 'Only based on material weight', 'Only based on material dimensions']",1
158,"What is the function of labor standards in SAP EWM?","['To enforce workplace rules', 'To define expected time and effort for warehouse activities for performance measurement and planning', 'Only to track attendance', 'Only to calculate pay']",1
159,"How does SAP EWM support peak warehouse operations?","['It cannot handle peak operations', 'Through flexible resource allocation, workload balancing, temporary storage strategies, and process optimization', 'Only through additional staffing', 'Only through extended hours']",1
160,"What is the purpose of task confirmation rules in SAP EWM?","['Only to record task completion', 'To define when and how warehouse tasks require confirmation based on business requirements and risk levels', 'Only to track employee performance', 'Only to document exceptions']",1